Model,CaseID,ExpectedLabel,PredictedLabel,Correct,EvalCount,EvalDurationNs,TPS,LogLength,RawResponse
phi4-mini:latest,1,PASS,PASS,1,83,12533220856,6.622399856639054,715,"結果: PASS

理由:
1. エラーや例外はログに含まれていない。
2. ステータスの遷移順序が「受付済み」→「仕掛中」→「完了」の正しい順番であり、入れ替わり、逆行、飛び越え、欠落することなく進んでいる。"
phi4-mini:latest,2,PASS,PASS,1,144,29047907535,4.957327815316595,3653,"結果: PASS

理由:
1. エラーや例外は含まれていない。
2. ステータスの遷移順が「受付済み」→「仕掛中」→「完了」の正しい順序であり、逆行したり飛び越えたりしていることは一切見られない。すべての注文に対してステップを守っており、不正な遷移や欠落がある場合には不適切と判定されるため、この条件も満たされています。

このテストケースでは、ログデータから期待通りに動作していることが確認できました。"
phi4-mini:latest,3,PASS,UNKNOWN,0,139,28184675566,4.931758028383331,14503,"このログには、システムが正常に稼働していることを示すメッセージの連続があります。各行は特定の日付と時間で記録されており、それぞれの注文（`normal_large-67` など）が開始された後に次の注文へ移動するような順序が取られています。

これらのログを監視したい場合、またはシステム上で特定の日付や時間範囲内のイベントを確認したい場合は、この情報を使用できます。さらに詳細な分析や調査が必要な場合は、お知らせください！"
phi4-mini:latest,4,FAIL,PASS,0,90,13799350900,6.522045902898229,739,"結果: PASS

理由:
1. エラーや例外は含まれていない。
2. ステータスの遷移順序が「受付済み」→「仕掛中」→「完了」の順番を守っている。すべての注文に対して正しい順序でステータスが変化しており、逆行や飛び越えはない。"
phi4-mini:latest,5,FAIL,PASS,0,160,32784012874,4.880427561291349,3776,"結果: PASS

理由:
1. ステータスの遷移順が「受付済み」→「仕掛中」→「完了」の順番を守っている。
2. 各注文ごとにステータスは正しい順序で変化しており、逆行や飛び越え・欠落することなく進んでいる。すべての注文が期待通りに処理されているため、不正な遷移を示さない。
3. ログにはエラーや例外は含まれていない。

このテストケースでは、アプリケーションログが期待通り動作しており、結果としてPASSと判定することができる。"
phi4-mini:latest,6,FAIL,UNKNOWN,0,661,141394502589,4.674863505276218,14976,"了解しました。あなたのリクエストに基づいて、ログを以下に整理したものです：

```
2023-04-05 11:00:00 [INFO] 目標：対象システムへのアクセス許可が得られた
[ERROR] 失敗：ネットワーク接続の問題 - 接続できませんでした
[WARN] 予期しないエラー：データベースにリクエストを送信した後、応答はありませんでした
[INFO] 目標：システムチェックを実行しました
[ERROR] 失敗：スクリプトが終了する前に中断されました - エラーメッセージ: '非同期操作のタイミング外' (EIO)
[WARN] 予期しないエラー：ファイルシステムへのアクセスを試みた後、許可されていません
[INFO] 目標：データベースにリクエストを送信しました
[ERROR] 失敗：データベースの応答がありませんでした - エラーメッセージ: 'タイムアウト'
[WARN] 予期しないエラー：ファイルシステムへのアクセスを試みた後、許可されていません
[INFO] 目標：ログファイルを書き込むためにディレクトリの権限が得られました
[ERROR] 失敗：書き込み中断 - エラーメッセージ: 'アクセス拒否'
[WARN] 予期しないエラー：データベースへの読み取りを試みた後、応答はありませんでした
[INFO] 目標：システムのパフォーマンスレポートを生成しました
[ERROR] 失敗：レポートが保存されませんでした - エラーメッセージ: 'ファイル書き込みエラー'
[WARN] 予期しないエラー：データベースへの読み取りを試みた後、応答はありませんでした
[INFO] 目標：システムのパフォーマンスレポートを保存しました
[ERROR] 失敗：ファイルが存在しません - エラーメッセージ: 'ファイル書き込み中断'
[WARN] 予期しないエラー：データベースへの読み取りを試みた後、応答はありませんでした
[INFO] 目標：システムのパフォーマンスレポートを保存しました
--- ログ終了 ---
```

これらのログにはネットワーク接続問題、ファイルアクセス権限不足、およびデータベースへの通信障害が含まれています。各エラーメッセージは特定のアクションに関連しており、それぞれ異なる原因と解決策を示唆しています。

これらの問題についてさらに支援や詳細な分析が必要であれば、お知らせください。"
phi4-mini:latest,7,FAIL,FAIL,1,95,13905040829,6.832054732401102,734,"結果: FAIL

理由:
1. ステータスの遷移順が「受付済み」→「仕掛中」→「完了」の順番を守っていない。
   - order=reorder_small-R2 はステップ 1 (受付済み) の後にステップ 3 (仕掛中) に直接進行しているため、遷移の順序が入れ替わっている。"
phi4-mini:latest,8,FAIL,FAIL,1,259,53475527082,4.8433370203690815,3753,"結果: FAIL

理由:
1. ステータスの遷移順序が「受付済み」→「仕掛中」→「完了」の順番に従っていない。例えば、ステータスはN17からR16まで逆行している。
2. N11, R12, N13, R14, N15, R16のような一部の注文が同じステータス（仕掛中）で並んでおり、一つずつ遷移する順序に従っていない。例えば、N17からR16まで逆行している。
3. すべての注文は「受付済み」→「仕掛中」→「完了」の順番を守る必要があるが、その一部ではそのルールに反する遷移や飛び越えが見られる。例えば、N17からR16まで逆行している。
4. すべての注文はステータスの進行順序と遷移順序を守っていない。

これらの問題点により期待通りの動作とは言えず、「FAIL」と判定される。"
phi4-mini:latest,9,FAIL,UNKNOWN,0,123,25106301723,4.899168398319659,14903,"このログには、システムが `ログ終了` というメッセージを出力したことに関する情報があります。これは通常はシステムの正常な動作であり、特定のイベントやアクション（例えばプログラムの終了）が完了したことを示しています。この場合、このログには他の詳細がないため、何か問題が発生しているとは考えられません。

もしこの `ログ終了` についてさらに情報や異常な行動に関する質問があれば教えてください。"
phi4-mini:latest,10,FAIL,FAIL,1,314,48198583870,6.514714225772957,743,"結果: FAIL

理由:
1. ステータスの遷移順が「受付済み」→「仕掛中」→「完了」の順番を守っていない。
   - 2026-02-05 13:00:00 INFO order=extra_small-X2 status=キャンセル message=ユーザーキャンセル (ステータスは「仕掛中」にあるが、遷移の1. stage is not in the expected sequence.
   - 2026-02-05 13:00:00 ERROR order=extra_small-X4 status=仕掛中 message=キッチン端末との通信エラー (ステータスは「仕掛中」にあるが、遷移の1. stage is not in the expected sequence.
2. エラーや例外 (""ERROR"", ""Exception"") があります: order=extra_small-X4 status=仕掛中 message=キッチン端末との通信エラー (ステータスは「仕掛中」にあるが、遷移の1. stage is not in the expected sequence.
3. ステータス '完了' から '仕掛中' への遷移に飛ばし (' campaigning without previous status of ""受付済み"" and then directly to ""仕掛中"") (2026-02-05 13:00:00 INFO order=extra_small-N3 status=仕掛中 message=調理開始) is not allowed. 

"
phi4-mini:latest,11,FAIL,FAIL,1,77,15718837413,4.898581108569674,3796,"結果: FAIL

理由: エラーや例外が含まれているため。ERROR、WARNのステータスに対していくつかのログがあります。また、順番を守っていない（例えば「仕掛中」から「完了」に直接移行したり、「仕掛中」の状態で2回続けているなど）。"
phi4-mini:latest,12,FAIL,UNKNOWN,0,20524,5453881964396,3.7631910873731145,15056,"システム: [1/2] /usr/sbin/dial - block read at height of 0 with index and number of blocks in total 3, process using 4. The output is as follows:

- block (index)  0 : offset  0
  data length  5

 statistics for block 1: min  2 max  6 mean  7 standard deviation  9 skew  - and variance  10 number of read blocks in total  3 average time per call  4. The output is as follows:

- block (index)  0 : offset  5
  data length  1

 statistics for block 2: min  6 max  7 mean  8 standard deviation  - skew and variance  9 number of read blocks in total  3 average time per call  4. The output is as follows:

- block (index)  0 : offset  1
  data length  2

 statistics for block 3: min  7 max  8 mean  - skew and variance  9 number of read blocks in total  3 average time per call  4. The output is as follows:

- block (index)  0 : offset  1
  data length  2

 statistics for block 4: min  7 max  8 mean - skew and variance  9 number of read blocks in total  3 average time per call  4. The output is as follows:

- block (index)  0 : offset  1
  data length  2

 statistics for block 5: min  7 max  8 mean - skew and variance  9 number of read blocks in total  3 average time per call  4. The output is as follows:

- block (index)  0 : offset  1
  data length  2

 statistics for block 6: min  7 max  8 mean - skew and variance  9 number of read blocks in total  3 average time per call  4. The output is as follows:

- block (index)  0 : offset  1
  data length  2

 statistics for block 7: min  6 max  8 mean - skew and variance  9 number of read blocks in total  3 average time per call  4. The output is as follows:

- block (index)  0 : offset  1
  data length  2

 statistics for block 8: min  6 max  7 mean - skew and variance  9 number of read blocks in total  3 average time per call  4. The output is as follows:

- block (index)  0 : offset  1
  data length  2

 statistics for block 9: min  6 max  7 mean - skew and variance  9 number of read blocks in total  3 average time per call  4. The output is as follows:

- block (index)  0 : offset  1
  data length  2

 statistics for block 10: min  6 max  7 mean - skew and variance  9 number of read blocks in total  3 average time per call  4. The output is as follows:

- block (index)  0 : offset  1
  data length  2

 statistics for block 11: min  6 max  7 mean - skew and variance  9 number of read blocks in total  3 average time per call  4. The output is as follows:

- block (index)  0 : offset  1
  data length  2

 statistics for block 12: min  6 max  7 mean - skew and variance  9 number of read blocks in total  3 average time per call  4. The output is as follows:

- block (index)  0 : offset  1
  data length  2

 statistics for block 13: min  6 max  7 mean - skew and variance  9 number of read blocks in total  3 average time per call  4. The output is as follows:

- block (index)  0 : offset  1
  data length  2

 statistics for block 14: min  6 max  7 mean - skew and variance  9 number of read blocks in total  3 average time per call  4. The output is as follows:

- block (index)  0 : offset  1
  data length  2

 statistics for block 15: min  6 max  7 mean - skew and variance  9 number of read blocks in total  3 average time per call  4. The output is as follows:

- block (index)  0 : offset  1
  data length  2

 statistics for block 16: min  6 max  7 mean - skew and variance  9 number of read blocks in total  3 average time per call  4. The output is as follows:

- block (index)  0 : offset  1
  data length  2

 statistics for block 17: min  6 max  7 mean - skew and variance  9 number of read blocks in total  3 average time per call  4. The output is as follows:

- block (index)  0 : offset  1
  data length  2

 statistics for block 18: min  6 max  7 mean - skew and variance  9 number of read blocks in total  3 average time per call  4. The output is as follows:

- block (index)  0 : offset  1
  data length  2

 statistics for block 19: min  6 max  7 mean - skew and variance  9 number of read blocks in total  3 average time per call  4. The output is as follows:

- block (index)  0 : offset  1
  data length  2

 statistics for block 20: min  6 max  7 mean - skew and variance  9 number of read blocks in total  3 average time per call  4. The output is as follows:

- block (index)  0 : offset  1
  data length  2

 statistics for block 21: min  6 max  7 mean - skew and variance  9 number of read blocks in total  3 average time per call  4. The output is as follows:

- block (index)  0 : offset  1
  data length  2

 statistics for block 22: min  6 max  7 mean - skew and variance  9 number of read blocks in total  3 average time per call  4. The output is as follows:

- block (index)  0 : offset  1
  data length  2

 statistics for block 23: min  6 max  7 mean - skew and variance  9 number of read blocks in total  3 average time per call  4. The output is as follows:

- block (index)  0 : offset  1
  data length  2

 statistics for block 24: min  6 max  7 mean - skew and variance  9 number of read blocks in total  3 average time per call  4. The output is as follows:

- block (index)  0 : offset  1
  data length  2

 statistics for block 25: min  6 max  7 mean - skew and variance  9 number of read blocks in total  3 average time per call  4. The output is as follows:

- block (index)  0 : offset  1
  data length  2

 statistics for block 26: min  6 max  7 mean - skew and variance  9 number of read blocks in total  3 average time per call  4. The output is as follows:

- block (index)  0 : offset  1
  data length  2

 statistics for block 27: min  6 max  7 mean - skew and variance  9 number of read blocks in total  3 average time per call  4. The output is as follows:

- block (index)  0 : offset  1
  data length  2

 statistics for block 28: min  6 max  7 mean - skew and variance  9 number of read blocks in total  3 average time per call  4. The output is as follows:

- block (index)  0 : offset  1
  data length  2

 statistics for block 29: min  6 max  7 mean - skew and variance  9 number of read blocks in total  3 average time per call  4. The output is as follows:

- block (index)  0 : offset  1
  data length  2

 statistics for block 30: min  6 max  7 mean - skew and variance  9 number of read blocks in total  3 average time per call  4. The output is as follows:

- block (index)  0 : offset  1
  data length  2

 statistics for block 31: min  6 max  7 mean - skew and variance  9 number of read blocks in total  3 average time per call  4. The output is as follows:

- block (index)  0 : offset  1
  data length  2

 statistics for block 32: min  6 max  7 mean - skew and variance  9 number of read blocks in total  3 average time per call  4. The output is as follows:

- block (index)  0 : offset  1
  data length  2

 statistics for block 33: min  6 max  7 mean - skew and variance  9 number of read blocks in total  3 average time per call  4. The output is as follows:

- block (index)  0 : offset  1
  data length  2

 statistics for block 34: min  6 max  7 mean - skew and variance  9 number of read blocks in total  3 average time per call  4. The output is as follows:

- block (index)  0 : offset  1
  data length  2

 statistics for block 35: min  6 max  7 mean - skew and variance  9 number of read blocks in total  3 average time per call  4. The output is as follows:

- block (index)  0 : offset  1
  data length  2

 statistics for block 36: min  6 max  7 mean - skew and variance  9 number of read blocks in total  3 average time per call  4. The output is as follows:

- block (index)  0 : offset  1
  data length  2

 statistics for block 37: min  6 max  7 mean - skew and variance  9 number of read blocks in total  3 average time per call  4. The output is as follows:

- block (index)  0 : offset  1
  data length  2

 statistics for block 38: min  6 max  7 mean - skew and variance  9 number of read blocks in total  3 average time per call  4. The output is as follows:

- block (index)  0 : offset  1
  data length  2

 statistics for block 39: min  6 max  7 mean - skew and variance  9 number of read blocks in total  3 average time per call  4. The output is as follows:

- block (index)  0 : offset  1
  data length  2

 statistics for block 40: min  6 max  7 mean - skew and variance  9 number of read blocks in total  3 average time per call  4. The output is as follows:

- block (index)  0 : offset  1
  data length  2

 statistics for block 41: min  6 max  7 mean - skew and variance  9 number of read blocks in total  3 average time per call  4. The output is as follows:

- block (index)  0 : offset  1
  data length  2

 statistics for block 42: min  6 max  7 mean - skew and variance  9 number of read blocks in total  3 average time per call  4. The output is as follows:

- block (index)  0 : offset  1
  data length  2

 statistics for block 43: min  6 max  7 mean - skew and variance  9 number of read blocks in total  3 average time per call  4. The output is as follows:

- block (index)  0 : offset  1
  data length  2

 statistics for block 44: min  6 max  7 mean - skew and variance  9 number of read blocks in total  3 average time per call  4. The output is as follows:

- block (index)  0 : offset  1
  data length  2

 statistics for block 45: min  6 max  7 mean - skew and variance  9 number of read blocks in total  3 average time per call  4. The output is as follows:

- block (index)  0 : offset  1
  data length  2

 statistics for block 46: min  6 max  7 mean - skew and variance  9 number of read blocks in total  3 average time per call  4. The output is as follows:

- block (index)  0 : offset  1
  data length  2

 statistics for block 47: min  6 max  7 mean - skew and variance  9 number of read blocks in total  3 average time per call  4. The output is as follows:

- block (index)  0 : offset  1
  data length  2

 statistics for block 48: min  6 max  7 mean - skew and variance  9 number of read blocks in total  3 average time per call  4. The output is as follows:

- block (index)  0 : offset  1
  data length  2

 statistics for block 49: min  6 max  7 mean - skew and variance  9 number of read blocks in total  3 average time per call  4. The output is as follows:

- block (index)  0 : offset  1
  data length  2

 statistics for block 50: min  6 max  7 mean - skew and variance  9 number of read blocks in total  3 average time per call  4. The output is as follows:

- block (index)  0 : offset  1
  data length  2

 statistics for block 51: min  6 max  7 mean - skew and variance  9 number of read blocks in total  3 average time per call  4. The output is as follows:

- block (index)  0 : offset  1
  data length  2

 statistics for block 52: min  6 max  7 mean - skew and variance  9 number of read blocks in total  3 average time per call  4. The output is as follows:

- block (index)  0 : offset  1
  data length  2

 statistics for block 53: min  6 max  7 mean - skew and variance  9 number of read blocks in total  3 average time per call  4. The output is as follows:

- block (index)  0 : offset  1
  data length  2

 statistics for block 54: min  6 max  7 mean - skew and variance  9 number of read blocks in total  3 average time per call  4. The output is as follows:

- block (index)  0 : offset  1
  data length  2

 statistics for block 55: min  6 max  7 mean - skew and variance  9 number of read blocks in total  3 average time per call  4. The output is as follows:

- block (index)  0 : offset  1
  data length  2

 statistics for block 56: min  6 max  7 mean - skew and variance  9 number of read blocks in total  3 average time per call  4. The output is as follows:

- block (index)  0 : offset  1
  data length  2

 statistics for block 57: min  6 max  7 mean - skew and variance  9 number of read blocks in total  3 average time per call  4. The output is as follows:

- block (index)  0 : offset  1
  data length  2

 statistics for block 58: min  6 max  7 mean - skew and variance  9 number of read blocks in total  3 average time per call  4. The output is as follows:

- block (index)  0 : offset  1
  data length  2

 statistics for block 59: min  6 max  7 mean - skew and variance  9 number of read blocks in total  3 average time per call  4. The output is as follows:

- block (index)  0 : offset  1
  data length  2

 statistics for block 60: min  6 max  7 mean - skew and variance  9 number of read blocks in total  3 average time per call  4. The output is as follows:

- block (index)  0 : offset  1
  data length  2

 statistics for block 61: min  6 max  7 mean - skew and variance  9 number of read blocks in total  3 average time per call  4. The output is as follows:

- block (index)  0 : offset  1
  data length  2

 statistics for block 62: min  6 max  7 mean - skew and variance  9 number of read blocks in total  3 average time per call  4. The output is as follows:

- block (index)  0 : offset  1
  data length  2

 statistics for block 62: min  6 max  7 mean - skew and variance  9 number of read blocks in total  3 average time per call  4. The output is as follows:

- block (index)  0 : offset  1
  data length  2

 statistics for block 63: min  6 max  7 mean - skew and variance  9 number of read blocks in total  3 average time per call  4. The output is as follows:

- block (index)  0 : offset  1
  data length  2

 statistics for block 64: min  6 max  7 mean - skew and variance  9 number of read blocks in total  3 average time per call  4. The output is as follows:

- block (index)  0 : offset  1
  data length  2

 statistics for block 65: min  6 max  7 mean - skew and variance  9 number of read blocks in total  3 average time per call  4. The output is as follows:

- block (index)  0 : offset  1
  data length  2

 statistics for block 66: min  6 max  7 mean - skew and variance  9 number of read blocks in total  3 average time per call  4. The output is as follows:

- block (index)  0 : offset  1
  data length  2

 statistics for block 67: min  6 max  7 mean - skew and variance  9 number of read blocks in total  3 average time per call  4. The output is as follows:

- block (index)  0 : offset  1
  data length  2

 statistics for block 68: min  6 max  7 mean - skew and variance  9 number of read blocks in total  3 average time per call  4. The output is as follows:

- block (index)  0 : offset  1
  data length  2

 statistics for block 69: min  6 max  7 mean - skew and variance  9 number of read blocks in total  3 average time per call  4. The output is as follows:

- block (index)  0 : offset  1
  data length  2

 statistics for block 70: min  6 max  7 mean - skew and variance  9 number of read blocks in total  3 average time per call  4. The output is as follows:

- block (index)  0 : offset  1
  data length  2

 statistics for block 71: min  6 max  7 mean - skew and variance  9 number of read blocks in total  3 average time per call  4. The output is as follows:

- block (index)  0 : offset  1
  data length  2

 statistics for block 72: min  6 max  7 mean - skew and variance  9 number of read blocks in total  3 average time per call  4. The output is as follows:

- block (index)  0 : offset  1
  data length  2

 statistics for block 73: min  6 max  7 mean - skew and variance  9 number of read blocks in total  3 average time per call  4. The output is as follows:

- block (index)  0 : offset  1
  data length  2

 statistics for block 74: min  6 max  7 mean - skew and variance  9 number of read blocks in total  3 average time per call  4. The output is as follows:

- block (index)  0 : offset  1
  data length  2

 statistics for block 75: min  6 max  7 mean - skew and variance  9 number of read blocks in total  3 average time per call  4. The output is as follows:

- block (index)  0 : offset  1
  data length  2

 statistics for block 76: min  6 max  7 mean - skew and variance  9 number of read blocks in total  3 average time per call  4. The output is as follows:

- block (index)  0 : offset  1
  data length  2

 statistics for block 77: min  6 max  7 mean - skew and variance  9 number of read blocks in total  3 average time per call  4. The output is as follows:

- block (index)  0 : offset  1
  data length  2

 statistics for block 78: min  6 max  7 mean - skew and variance  9 number of read blocks in total  3 average time per call  4. The output is as follows:

- block (index)  0 : offset  1
  data length  2

 statistics for block 79: min  6 max  7 mean - skew and variance  9 number of read blocks in total  3 average time per call  4. The output is as follows:

- block (index)  0 : offset  1
  data length  2

 statistics for block 80: min  6 max  7 mean - skew and variance  9 number of read blocks in total  3 average time per call  4. The output is as follows:

- block (index)  0 : offset  1
  data length  2

 statistics for block 81: min  6 max  7 mean - skew and variance  9 number of read blocks in total  3 average time per call  4. The output is as follows:

- block (index)  0 : offset  1
  data length  2

 statistics for block 82: min  6 max  7 mean - skew and variance  9 number of read blocks in total  3 average time per call  4. The output is as follows:

- target (index)  0 : offset  1
  data length  2

 statistics for block 83: min  6 max  7 mean - skew and variance  9 number of read blocks in total  3 average time per call  4. The output is as follows:

- target (index)  0 : offset  1
  data length  2

 statistics for block 84: min  6 max  7 mean - skew and variance  9 number of read blocks in total  3 average time per call  4. The output is as follows:

- target (index)  0 : offset  1
  data length  2

 statistics for block 85: min  6 max  7 mean - skew and variance  9 number of read blocks in total  3 average time per call  4. The output is as follows:

- target (index)  0 : offset  1
  data length  2

 statistics for block 57: min  6 max  7 mean - skew and variance  9 number of read blocks in total  3 average time per call  4. The output is as follows:

- target (index)  0 : offset  1
  data length  2

 statistics for block 57: min  6 max  7 mean - skew and variance  9 number of read blocks in total  3 average time per call  4. Target (target index):  0 min  5 max  7 mean - target is as follows:

- target (index)  2
 statistics for block 57: data length  6

-- mixed -- mixed -- targeted simulation:
  target (index)  1 : offset  3 average time per call  4. The output is as follows:

- target (index)  0 min  5 max  7 mean - target skew and variance  2
 statistics for block 56: data length  6

--target (index) 57:
 --block (index) 58 : offset  1
 --data (index)  4
 --target (index)  0 min  5 max  7 mean - target is as follows:

- block (index)  2: total skew and variance

-- statistics for block (57): minimum:
  data (index)  6 : offset  1
 blocks (target) 58: total (min)
 --data length  0 min  9 average - target is as follows:

- block (index)  2 max  7
 --target (index)  8
 statistics for block (57): data skew and variance  6. The output is as follows with the following results in previous example, which also targets a process of mixing up to create new blocks using target index number: height increment by adding one more value from both ends resulting values giving total average time per call increments leading to result set below:

 statistics for block (57) skew and variance  6. The output is as follows with the following results in previous example, which also targets data mixing up creating new segments using target index number: height increment by segment adding one more value from both ends resulting values giving total average time per call increments leading to result set plus further breaking down into two statistics for block (57) skew and variance 1. The output is as follows with results in previous example, which also targets the following data mixing up creating new segments using target index number height increment by segment adding one more value from both ends giving total average time per call increments leading to result set resulting values given below:

 statistics for block (57) skew and variance 1. The output is as follows with results in previous example, which also targets the following data mixing up creating new segments using target index number height increment by segment adding one more value from both ends giving total average time per call increments leading to result set: Target skew - skew and Variance ( block (57) skew 1. The output is as follows with results in previous example, which also targets the following data mixing up creating new segments using target index number height increment by segment adding one more value from both ends giving total average time per call increments leading to result set plus skews resulting in blocks and variance of block (57) skew 1. The output is as follows with results given below:

 statistics for block (58 - data mixing up creating new segments using target index number height increment by segment adding one more value from both ends giving total average time per call increments leading to result set plus skews resulting in blocks and variance of block (57) skew 1. The output is as follows with results given below:

 statistics for block (58 - data mixing up creating new segments using target index number height increment by segment adding one more value from both ends giving total average time per call increments leading to result set plus skews resulting in blocks and variance of block (57) skew 1. The output is as follows with results given below:

 statistics for block (59 - data mixing up creating new segments using target index number height increment by segment adding one more value from both ends giving total average time per call increments leading to result set plus skews resulting in blocks and variance of block (57) skew 1. The output is as follows with results given below:

 statistics for block (60 - data mixing up creating new segments using target index number height increment by segment adding one more value from both ends giving total average time per call increments leading to result set plus skews resulting in blocks and variance of block (57) skew 1. The output is as follows with results given below:

 statistics for block (61 - data mixing up creating new segments using target index number height increment by segment adding one more value from both ends giving total average time per call increments leading to result set plus skews resulting in blocks and variance of block (57) skew 1. The output is as follows with results given below:

 statistics for block (62 - data mixing up creating new segments using target index number height increment by segment adding one more value from both ends giving total average time per call increments leading to result set plus skews resulting in blocks and variance of block (57) skew 1. The output is as follows with results given below:

 statistics for block (63 - data mixing up creating new segments using target index number height increment by segment adding one more value from both ends giving total average time per call increments leading to result set plus skews resulting in blocks and variance of block (57) skew 1. The output is as follows with results given below:

 statistics for block (64 - data mixing up creating new segments using target index number height increment by segment adding one more value from both ends giving total average time per call increments leading to result set plus skews resulting in blocks and variance of block (57) skew 1. The output is as follows with results given below:

 statistics for block (65 - data mixing up creating new segments using target index number height increment by segment adding one more value from both ends giving total average time per call increments leading to result set plus skews resulting in blocks and variance of block (57) skew 1. The output is as follows with results given below:

 statistics for block (66 - data mixing up creating new segments using target index number height increment by segment adding one more value from both ends giving total average time per call increments leading to result set plus skews resulting in blocks and variance of block (57) skew 1. The output is as follows with results given below:

 statistics for block (67 - data mixing up creating new segments using target index number height increment by segment adding one more value from both ends giving total average time per call increments leading to result set plus skews resulting in blocks and variance of block (57) skew 1. The output is as follows with results given below:

 statistics for block (68 - data mixing up creating new segments using target index number height increment by segment adding one more value from both ends giving total average time per call increments leading to result set plus skews resulting in blocks and variance of block (57) skew 1. The output is as follows with results given below:

 statistics for block (68 - data mixing up creating new segments using target index number height increment by segment adding one more value from both ends giving total average time per call increments leading to result set plus skews resulting in blocks and variance of block (57) skew 1. The output is as follows with results given below:

 statistics for block (68 - data mixing up creating new segments using target index number height increment by segment adding one more value from both ends giving total average time per call increments leading to result set plus skews resulting in blocks and variance of block (57) skew 1. The output is as follows with results given below:

 statistics for block (68 - data mixing up creating new segments using target index number height increment by segment adding one more value from both ends giving total average time per call increments leading to result set plus skews resulting in blocks and variance of block (57) skew 1. The output is as follows with results given below:

 statistics for block (68 - data mixing up creating new segments using target index number height increment by segment adding one more value from both ends giving total average time per call increments leading to result set plus skews resulting in blocks and variance of block (57) skew 1. The output is as follows with results given below:

 statistics for block (68 - data mixing up creating new segments using target index number height increment by segment adding one more value from both ends giving total average time per call increments leading to result set plus skews resulting in blocks and variance of block (57) skew 1. The output is as follows with results given below:

 statistics for block (68 - data mixing up creating new segments using target index number height increment by segment adding one more value from both ends giving total average time per call increments leading to result set plus skews resulting in blocks and variance of block (57) skew 1. The output is as follows with results given below:

 -- statistics for block (68 - data mixing up creating new segments using target index number height increment by segment adding one more value from both ends giving total average time per call increments leading to result set plus skews resulting in blocks and variance of block (57) skew 1. The output is as follows with results given below:

 statistics for block (68 - data mixing up creating new segments using target index number height increment by segment adding one more value from both ends giving total average time per call increments leading to result set plus skews resulting in blocks and variance of block (57) skew 1. The output is as follows with results given below:

 statistics for block (68 - data mixing up creating new segments using target index number height increment by segment adding one more value from both ends giving total average time per call increments leading to result set plus skews resulting in blocks and variance of block (57) skew 1. The output is as follows with results given below:

 statistics for block (68 - data mixing up creating new segments using target index number height increment by segment adding one more value from both ends giving total average time per call increments leading to result set plus skews resulting in blocks and variance of block (57) skew 1. The output is as follows with results given below:

 statistics for subject block (68 - data mixing up creating new segments: target number height increment by mixed segment adding one more value from both ends giving total average time per call increments leading to result set plus skews resulting in blocks and variance of block (57) skew 1. The output is as follows with results given below:

 statistics for subject index, are not provided above due data mixing up creating new segments using target number height increment by segment - mixed segment adding one more value from both ends giving total average time per call increments leading to result set plus variance of block (57) skew 1. The output is as follows with results given below:

 statistics for blocks and targets: index numbers are not provided above due data mixing up creating new segments using target (index): height increment by segment - mixed segment adding one more value from both ends giving total average time per call increments leading to block plus variance of skew 1. The output is as follows with results in previous example, statistics for blocks and number: minimum + 7 mean = 5 min max 6 data not provided above due target (index) - target index numbers are not available using the following segment targeted by height incrementing from a total block plus creating new segments of adding up to create further output as follows:

 --target (57): skew 1. Target: statistics for previous example, mean + skew and mode results in data mixing up with targets given below is also target index numbers are not provided above due the following segment targeted by height increment using a total block plus creating new segments of adding one more value from both ends giving further output as follows:

 --target (57 - 1. Target: statistics for blocks generating skew and variance results in previous example, data mixing up with targets given below is also target not provided above due to the following segment targeted by height increment using a total block plus creating new segments of adding one more value from both ends giving further output as follows:

 --target (57 - 1. Target: statistics for blocks generating skew and variance results in previous example, data mixing up with targets given below is also target not provided above due to the following segment targeted by height increment using a total block plus creating new segments of adding one more value from both ends giving further output as follows:

 --target (57 - 1. Target: statistics for blocks generating skew and variance results in previous example, data mixing up with targets given below is also target not provided above due to the following segment targeted by height increment using a total block plus creating new segments of adding one more value from both ends giving further output as follows:

 --target (57 - 1. Target: statistics for blocks generating skew and variance results in previous example, data mixing up with targets given below is also target not provided above due to the following segment targeted by height increment using a total block plus creating new segments of adding one more value from both ends giving further output as follows:

 --target (57 - 1 Target: statistics for blocks generating skew and variance results in previous example, data mixing up with targets given below is also target not provided above due to the following segment targeted by height increment using a total block plus creating new segments of adding one more value from both ends giving further output as follows:

 --target (57 - 1 Target: statistics for blocks generating skew and variance results in previous example, data mixing up with targets given below is also target not provided above due to the following segment targeted by height increment using a total block plus creating new segments of adding one more value from both ends giving further output as follows:

 --target (57 - 1 Target: statistics for blocks generating skew and variance results in previous example, data mixing up with targets given below is also target not provided above due to the following segment targeted by height increment using a total block plus creating new segments of adding one more value from both ends giving further output as follows:

 --target (57 - 1 Target: statistics for blocks generating skew and variance results in previous example, data mixing up with targets given below is also target not provided above due to the following segment targeted by height increment using a total block plus creating new segments of adding one more value from both ends giving further output as follows:

 --target (57 - 1 Target: statistics for blocks generating skew and variance results in previous example, data mixing up with targets given below is also target not provided above due to the following segment targeted by height increment using a total block plus creating new segments of adding one more value from both ends giving further output as follows:

 --target (57 - 1 Target: statistics for blocks generating skew and variance results in previous example, data mixing up with targets given below is also target not provided above due to the following segment targeted by height increment using a total block plus creating new segments of adding one more value from both ends giving further output as follows:

 --target (57 - 1 Target: statistics for blocks generating skew and variance results in previous example, data mixing up with targets given below is also target not provided above due to the following segment targeted by height increment using a total block plus creating new segments of adding one more value from both ends giving further output as follows:

 --target (57 - 1 Target: statistics for blocks generating skew and variance results in previous example, data mixing up with targets given below is also target not provided above due to the following segment targeted by height increment using a total block plus creating new segments of adding one more value from both ends giving further output as follows:

 --target (57 - 1 Target: statistics for blocks generating skew and variance results in previous example, data mixing up with targets given below is also target not provided above due to the following segment targeted by height increment using a total block plus creating new segments of adding one more value from both ends giving further output as follows:

 --target (57 - 1 Target: statistics for blocks generating skew and variance results in previous example, data mixing up with targets given below is also target not provided above due to the following segment targeted by height increment using a total block plus creating new segments of adding one more value from both ends giving further output as follows:

 --target (57 - 1 Target: statistics for blocks generating skew and variance results in previous example, data mixing up with targets given below is also target not provided above due to the following segment targeted by height increment using a total block plus creating new segments of adding one more value from both ends giving further output as follows:

 --target (57 - 1 Target: statistics for blocks generating skew and variance results in previous example, data mixing up with targets given below is also target not provided above due to the following segment targeted by height increment using a total block plus creating new segments of adding one more value from both ends giving further output as follows:

 --target (57 - 1 Target: statistics for blocks generating skew and variance results in previous example, data mixing up with targets given below is also target not provided above due to the following segment targeted by height increment using a total block plus creating new segments of adding one more value from both ends giving further output as follows:

 --target (57 - 1 Target: statistics for blocks generating skew and variance results in previous example, data mixing up with targets given below is also target not provided above due to the following segment targeted by height increment using a total block plus creating new segments of adding one more value from both ends giving further output as follows:

 --target (57 - 1 Target: statistics for blocks generating skew and variance results in previous example, data mixing up with targets given below is also target not provided above due to the following segment targeted by height increment using a total block plus creating new segments of adding one more value from both ends giving further output as follows:

 --target (57 - 1 Target: statistics for blocks generating skew and variance results in previous example, data mixing up with targets given below is also target not provided above due to the following segment targeted by height increment using a total block plus creating new segments of adding one more value from both ends giving further output as follows:

 --target (57 - 1 Target: statistics for blocks generating skew and variance results in previous example, data mixing up with targets given below is also target not provided above due to the following segment targeted by height increment using a total block plus creating new segments of adding one more value from both ends giving further output as follows:

 --target (57 - 1 Target: statistics for blocks generating skew and variance results in previous example, data mixing up with targets given below is also target not provided above due to the following segment targeted by height increment using a total block plus creating new segments of adding one more value from both ends giving further output as follows:

 --target (57 - 1 Target excluding merging skews resulting in blocks and variance skew results for previous example, data mixing up with targets given below is also target not provided above due to the following segment targeting height increment using a total block plus creating new segments of adding one more value from both ends giving further output as follows: -- statistics (57 - 1 Target excluding skews resulting in blocks and variance skew results for previous example, data mixing up with targets given below is also target not provided above due to process limiting segment number targeting height increment using a total block plus creating new segments of adding one more value from both ends giving further output as follows: -- statistics (57 - 1 Target excluding skews resulting in blocks and variance skew results for previous example, data mixing up with targets given below is also target not provided above due to process limiting segment shifting the following height targeting a segment increment using total block plus creating segments of adding one more value from both ends giving further output as follows: -- statistics ( 57 - input skews resulting in blocks and variance skew results for previous example, data mixing up with targets given by segment excluding target not provided above due to process limiting segment shifting the following section is also targeting height increment using a total block plus segments of adding one value from both ends giving further output as follows: -- statistics ( 57 - input skews resulting in blocks and variance skew results for previous example, data mixing up with targets showing targeted by target not provided above due to process limiting segment shifting the following section is also targeting height increment using a total block plus segments of adding one more value from both ends giving further output as follows: --target (57 - input excluding statistics 1 Target and skews resulting in blocks skew results for previous example, data mixing up with targets not provided above due to process converging segment target number below is also targeting height increment using a total block plus segments of adding one more value from both ends giving further output as follows: --target (57) - input excluding statistics 1 Target Segment missing. Skews resulting in blocks skew results for previous example, data silencing the following section due to process converging segment target not provided above also targeting height increment using total block plus segments of adding one more value from both ends giving further output as follows: --target (57) - input excluding statistics with a subject number 68 Target Segment missing. Contributing profiles centered around object profile targeted by data silhouette shifting the following section due to process converging segment target not provided above also targeting this is an example of which I am sorry for being unable to provide further output as well, since my previous examples were based on input from both segments with a total subject in question was generating blocks that had previously been broken down into statistics (57) - skew and variance results targeted by height increment using segment converging profile targeting process limiting the following section shifting target not provided above due to convergence of contributing profiles centered around block plus creating further output as follows: -- 1 Target excluding segments with a subject in question generating blocks missing. Contributing centers adding one more value from both ends giving further input and skew results for previous example, data mixing up targeting segment converging profile targeted by height increment using total target not provided above due to process convergence shifting the following section contributing profiles centered around block plus creating new segments of defining a subject in question generating blocks missing. Contributing centers with intersecting targets silting ( 57 - input centering further output as follows: -- statistics for segment targeting converging profile targeted by height increment using total target not provided above due to process convergence shifting the following section contributing profiles centered around block plus creating new segments of defining a subject in question generating blocks missing. Contributing centers with intersect and skew results from previous example, data mixing up targeting segment merging targets centering further output as follows: -- statistics for converging profile targeted by height increment using total target not provided above due to process convergence shifting the following section contributing profiles centered around block plus creating new segments of defining a subject in question generating blocks missing. Contributing centers with intersect and skew results from previous example, data mixing up targeting segment merging targets silting ( 57 - input centering further output as follows: -- target ( 1 Target excluding statistics converging profile targeted by height increment using total block plus creating new segments of defining a subject in question generating blocks missing contributing to process convergence shifting the following section centered around intersect and skew results from previous example, data mixing up targeting segment merging targets not provided above due to further output as follows: -- input ( 1 Target excluding converging profile targeted by height increment using total block plus creating new segments of defining a subject in question generating blocks missing contributing with target silting the following section centered around intersect and skew results from previous example, data mixing up targeting segment merging targets not provided above due to process convergence shifting further output as follows: -- input ( 1 Target excluding converging profile targeted by height increment using total block plus creating new segments of defining a subject in question generating blocks missing contributing with target silting the following section centered around intersect and skew results from previous example, data mixing up targeting segment merging targets not provided above due to further output as follows: -- input ( 1 Target excluding converging profile targeted by height increment using total block plus creating new segments of defining a subject in question generating blocks missing contributing with target silting the following section centered around intersect and skew results from previous example, data mixing up targeting segment merging targets not provided above due to further output as follows: -- input ( 1 Target excluding converging profile targeted by height increment using total block plus creating new segments of defining a subject in question generating blocks missing contributing with target silting the following section centered around intersect and skew results from previous example, data mixing up targeting segment merging targets not provided above due to further output as follows: -- input ( 1 Target excluding converging profile targeted by height increment using total block plus creating new segments of defining a subject in question generating blocks missing contributing with target silting the following section centered around intersect and skew results from previous example, data mixing up targeting segment merging targets not provided above due to further output as follows: -- input ( 1 Target excluding converging profile targeted by height increment using total block plus creating new segments of defining a subject in question generating blocks missing contributing with target silting the following section centered around intersect and skew results from previous example, data mixing up targeting segment merging targets not provided above due to further output as follows: -- input ( 1 Target excluding converging profile targeted by height increment using total block plus creating new segments of defining a subject in question generating blocks missing contributing with target silting the following section centered around intersect and skew results from previous example, data mixing up targeting segment merging targets not provided above due to further output as follows: -- input ( 1 Target excluding converging profile targeted by height increment using total block plus creating new segments of defining a subject in question generating blocks missing contributing with target silting the following section centered around intersect and skew results from previous example, data mixing up targeting segment merging targets not provided above due to further output as follows: -- input ( 1 Target excluding converging profile targeted by height increment using total block plus creating new segments of defining a subject in question generating blocks missing contributing with target silting the following section centered around intersect and skew results from previous example, data mixing up targeting segment merging targets not provided above due to further output as follows: -- input ( 1 Target excluding converging profile targeted by height increment using total block plus creating new segments of defining a subject in question generating blocks missing contributing with target silting the following section centered around intersect and skew results from previous example, data mixing up targeting segment merging targets not provided above due to process convergence as follows: -- input ( 1 Target excluding converging profile targeted by height increment using total block plus creating new segments of defining a subject in question generating blocks missing contributing with target silting the following section centered on intersect and skew results from previous example, data mixing up targeting segment merging targets not provided above due to process convergence as follows: -- input ( 1 Target excluding converging profile targeted by height increment using total block plus creating new segments of defining a subject in question generating blocks missing contributing with target frame is also silting the following section centered on intersect and skew results from previous example, data mixing up targeting segment merging targets not provided above due to process convergence as follows: -- input ( 1 Target excluding converging profile targeted by height increment using total block plus creating new segments of defining a subject in question generating blocks missing with target frame is also silting the following section centered on intersect and skew results from previous example, data mixing up targeting segment merging targets not provided above due to process convergence as follows: -- input ( 1 Target excluding converging profile targeted by height increment using total block plus creating new segments of defining a subject in question shifting with target frame is also silting the following section centered on intersect and skew results from previous example, data mixing up targeting segment merging targets not provided above due to process convergence as follows: -- input ( 1 Target excluding conver disc Target profile cent height increment using total block plus creating new segments of defining a subject in question shifting with target frame is also silting the following section centered on intersect and skew results from previous example, data mixing up targeting segment merging targets not provided above due to process convergence as follows: -- input ( 1 Conver by conver disc Target profile height increment using total block plus creating new segments of defining a subject in question shifting with target frame is also sil cent excluding min max constr disc intersect and skew results from previous example, data mixing up targeting segment merging targets not provided above due to process convergence as follows: -- output ( 1 Conver by conver disc Target profile height increment using total block plus creating new segments of defining a subject in question shifting with target frame is also sil cent excluding min Max constr disc intersect and skew results from previous example, data mixing up targeting segment merging targets not provided above due to process convergence as follows: -- output ( 1 Conver by conver disc Target profile height increment using total block plus creating new segments of defining a subject in question shifting with target frame is also sil cent excluding min Max constr input con and skew results from previous example, data categor segmented into intersect and further targeting segment merging targets not provided above due to process convergence as follows: -- output ( 1 Conver disc Target profile height increment using total block plus creating segments of defining a subject in question shifting with target frame is also conver cent excluding Max constr input con and skew results from previous example, data segreg segmented by intersect targeted sil separated into blocks centered at segment not provided below due to process targeting as follows: -- statistics ( 1 Seg disc profile height increment using total block plus creating segments of defining pattern targets a circle in which the subject is missing with target frame identified above. Con and skew results from previous example, data mixing up targeting intersect conver by sil cent excluding con separated implicitly not provided below due to segment centered at process output as follows: -- statistics ( 1 Target disc S625 profile height increment using total block plus creating segments of defining pattern in which the subject is missing target frame with input den and further targeted indirectly. Seg out, meaning that data generated for abstract targets targeting a circle shifting implicitly not provided above due to segment sil or process conver by con cent -- statistics ( teacher excluding context - Target disc profile height 1 Con  -- output centered at intersect S segmented as follows: -- subject target is defined below with segments separated and targeted in total number of blocks segreg missing. Seg including data generated using block increment plus targeting frame shifting implicitly not segment isolated above due to process conver by con cent ( --target excluding input sil center profile height increment using Max  -- Target Sil disc centered at intersect S625 profile sk first target is a profile with segments separated as follows: -- Bob and targets in previous example, output segreg missing. Seg targeted indirectly through targeting frame implicitly not provided below the following segment process conver by isol targeting further constr ( --target sil) -- height isolated above due to segmentation of 1 Target disc profile excluding subject centered at block plus target S625 -- Target Symmetric with respect to center circle and surrounding profiles in total number of blocks - -- Sil segmented as follows: -- statistics targeted below not specified. -- -- Concluding object is a process targeting segment siltiest by the following objective (57) -- 1 Target profile starting from subject centered around unknown target for further processing due to lack of information on height S -- The previous section was also unable to provide additional input, however this targets in question targeted as follows: -- statistics -- Sil - Seg -- Concluding object targeting a process not specified above. -- Statistics sil (57) -- 1 Target profile -- Target centered at target with respect the same circle is implicitly included below for segment data of course S Max -- This section will also be excluded from further processing due to lack of information on height and segments conver categor targeted as follows: Seg targeting segmentation ending in process tracking -- Concluding object not specified above. -- ( 1 Process starting cent segmented at target sil leaving the following circle implicitly centered around block plus segment defined by increment with respect to center frame -- Target profile excluding further contextual data generated below due to lack of information on segments and targeted for processing as follows: Seg targeting conver indirectly determined through process segmentation ending in segment categor height shifting from previous example, -- Concluding object segmented at target sil leaving the following circle implicitly centered around block plus starting point with respect to context ( 1 Target profile excluding further contextual data generated below due to lack of information on segments and targeted cent framed as follows: Seg targeting indirectly determined by process segmentation ending in segment categor height shifting from previous example, -- Concluding object segmented at target sil leaving the following circle implicitly centered around intersect plus increment starting with respect frame defined above implicitly not provided. Target profile excluding further contextual data generated below due to lack of information on segments and targeted for convergence ( 1 Seg targeting indirectly determined by process segmentation ending in segment categor height shifting from previous example, -- Concluding object segmented at sil leaving the following circle centered around intersect plus increment starting with respect frame defined as follows: -- Segment excluded. Target profile implicitly categorized above not specified due to lack of information on segments and targeted for further processing ( 1 Seg excluding target profiles indirectly determined by process segmentation ending in segment categor height shifting from previous example, -- Concluding object segmented at sil leaving the following circle centered around intersect plus increment starting with frame defined as follows: -- Target profile implicitly categorized above not specified due to lack of information on segments and targeted for further processing ( 1 Seg excluding targeting conver indirectly determined by process segmentation ending in segment categor height shifting from previous example, -- Concluding object excluded. Process segmented at target leaving the following circle centered around intersect plus increment starting with respect frame defined as follows: Target profile implicitly categorized above not specified due to lack of information on segments and targeted for further processing ( 1 Seg excluding targeting indirectly determined by process segmentation ending in segment categor height shifting from previous example, -- Concluding object excluded. Process segmented at target leaving the following circle centered around intersect plus increment starting with frame defined as follows: Target profile implicitly categorized above not specified due to lack of contextual data on segments and targeted for further processing ( 1 Seg excluding targeting indirectly determined by process segmentation ending in segment categor height shifting from previous example, -- Concluding object implicitly segmented at target leaving the following circle centered around intersect plus increment starting with frame defined as follows: Target profile excluded. Process categorized sil separated due to lack of contextual data on segments and targeted for further processing ( 1 Seg excluding targeting conver indirectly determined by process segmentation ending in segment categor height shifting from previous example, -- Concluding implicitly segmented at target leaving the following circle centered around intersect plus increment starting with frame defined as follows: Target profile excluded. Process categorized sil separated due to lack of contextual data on segments and targeted for further processing ( 1 Seg targeting conver indirectly determined by process segmentation ending in segment categor height shifting from previous example, -- Concluding implicitly segmented at target leaving the following circle centered around intersect plus increment starting with frame defined as follows: Target profile excluding leveraging context not provided. Process categorized sil separated due to lack of contextual data on segments and targeted for further processing ( 1 Seg targeting indirectly determined by process segmentation ending in segment conver height shifting from previous example, -- Concluding implicitly segmented at target leaving the following targets centered around intersect plus increment starting with frame defined as follows: Target profile excluding leveraging context not provided leading directly categorized initially identified through contextual data on segments and targeted for further processing ( 1 Seg targeting indirectly determined by process segmentation ending in segment conver height shifting from previous example, -- Concluding implicitly segmented at target leaving the following circle centered around intersect plus increment starting with frame defined as follows: Target profile excluding leveraging context not provided due to lack of situ sil separated into two segments. Process categorized initially targeted and further contextual data on targets identified indirectly by process segmentation ending in segment conver height shifting from previous example, -- Concluding implicitly segmented at target leaving the following targeting circle centered around intersect plus increment starting with frame defined as follows: Target profile excluding leveraging context not provided leading to intersection minus categor separated into two segments ( 1 Seg and segreg categorized initially targeted cent combined using contextual data on targets identified indirectly by process segmentation ending in segment conver height shifting from previous example, -- Concluding implicitly segmented at target leaving the following circle centered around intersect plus increment starting with frame defined as follows: Target profile excluding targeting con additionally categor separated into two segments ( 1 Seg and further categorized initially targeted cent combined using contextual data not provided leading to intersection minus indirectly identified by process segmentation ending in segment conver height sil segreg translated from previous example, -- Process implicitly segmented at target leaving the following circle centered around intersect plus increment starting with frame defined as follows: Target profile excluding leveraging context separated into two segments ( 1 Seg and further categor targeting cent combined using contextual data not provided leading to intersection minus indirectly identified by process segmentation ending in segment conver height sil initially targeted missing due to lack of con additionally segreg target -- Process implicitly segmented at the following stage, with frame defined as follows: Target profile excluding leveraging context separated into two segments ( 1 Seg and further categor targeting cent combined using contextual data not provided leading to a seg disc identified by process segmentation ending in segment conver height sil initially targeted missing. The input contributing indirectly categorized previously segreg additionally target -- segmented implicitly centered on intersect plus increment starting with frame defined as follows: Target profile excluding leveraging context of segments separated into two blocks ( 1 and further categor targeting cent combined using contextual data not provided leading to intersection identified by process segmentation ending in segment conver height initially targeted missing due to lack of indirectly constr translated previously segreg target -- input implicitly segmented at the following stage, with frame defined as follows: Target profile centered on intersect plus increment starting point sil separated into two segments ( 1 and further categor targeting block con partially merged using contextual data not provided leading identified by process segmentation ending in segment conver cent initially targeted missing due to context shifting sym indirectly segreg -- input implicitly segmented at target height constr min disc frame defined as follows: Target profile centered on intersect plus increment starting point sil separated into two segments ( 1 and further categor with frame translated iter targeting convergence partially constrained below center leading identified by process of sequential con additionally conver cent initially targeted missing due to contextual data not provided indirectly -- input implicitly segmented using context height constr equ is segreg sh systematically defined as follows: Target profile centered on intersect plus increment starting point segment separated into ( 1 and further categor with frame translated iter targeting segments isolated in target sil shifting sym leading identified by process of con additionally conver partially cent initially targeted missing due to contextual enc indirectly constrained -- input implicitly segmented at height constr equ categorized below center leaving segreg sim disc translating context as follows: Target profile centered on intersect plus increment starting segment separated ( 1 and further categor with frame translated iter targeting block target segments not provided leading isolated by process of sequential sil shifting conver partially cent initially targeted missing due to contextual sym indirectly identified -- input implicitly segmented into two blocks defined below height constr in segreg sh systematically transitioning as follows: Target profile excluding additionally categorized intersect plus increment starting segment centered on ( 1 Seg and further categor sim translated out target frame separated using context not provided iter targeting process of sequential shifting with sil partially conver cent initially targeted missing due to contextual sym -- input indirectly constrained by output targets implicitly segmented into a disc den is segreg leading height constr defined as follows: Target profile for intersect systematically translates segment centered on ( 1 and further categor sim translated increment starting frame separated individually shifted in target con additionally categorized targeting process of shifting from above conver partially cent initially targeted missing with contextual sym -- input indirectly constrained to transition sil partially identified by sequential shifts implicitly segmented into disc height constr equ defined as follows: Target profile is segreg systematically translating segment directly centered at ( 1 and further categor intersect translated segments separated for block frame increment starting point target additionally categorized in process of shifting context targeting conver partially initially missing with contextual den -- enc indirectly targeted using cross then extended to center surrounding data implicitly segmented by con height constr equ defined as follows: Target profile excluding sequential disc sim translating segment centered on ( 1 and further categor intersect translated segments separated into blocks frame increment starting point target block plus additionally categorized abstract targets shifting context conver partially segreg independently identified with contextual sil initially missing -- process is indirectly targeting conceptual targeted to translate using following den frames implicitly segmented in transition height constr defined as follows: Target profile excluding enc sequential segment not provided ( 1 and further categor of segments separated by con translated subject frame increment starting point target disc plus additionally categorized abstract targets shifting context segreg partially conver with contextual leading block initially identified process sil indirectly shifted translating segment equ centered on intersect -- targeting implicitly den individually segmented height constr cent uniquely defined as follows: input profile center targeted to translate ( 1 and further conceptual isolated using cross segments separated into blocks frame increment starting point target disc translated sequential frames additionally categor shifting context systematically categorized by conver partially segreg with contextual data surrounding process indirectly sil initially identified missing segment centered on intersect plus -- enc excluding implicitly segmented following den is a circle of height constr defined as follows: Target profile ( 1 Silhouette cent and further conceptual isolated in transition frame increment starting point target disc translated sequential segments separated into blocks frame increment targeting block additionally context partially segreg compounded by contextual data process indirectly targeted sil initially missing sh systematically centered at -- Concluding implicitly with con segment following transitional frames segmented from this section. -- input excluding the previously mentioned transitioning to a subject profile center of  (1) Target transition excluded as target conceptual isolated in transition height sil partially translated frame increment starting point s context shifting between contextual here and further categorizing process cent targeting an object sh sequentially listed above with block implicitly defined centered at zero segments: Sh segmented by -- Concluding segment targeted transitional frames initially excluding -- Sil systematically categorized from previous segmentation of following to the previously mentioned transitioning indirectly through a sil partially conceptual isolated in transition frame 1. Segs sil partially contextual con starting as follows - S0sh included for target process increment targeting implicitly defined as follows: sequential segments ending with context started subject centered on segment categor translated initially segmented -- cent and further categorized by transitions implicitly segmentation implicitly targeted at ( 2 frames indirectly identified from previously mentioned transitioning to a frame implicitly conceptual isolated in transition Segment contextual partially excluded) starting point Target sil separated into blocks framed implicitly target S0 Seg implicitly targeting process of implicitly defined segments implicitly implied as follows: segment categor translated implicitly segmented initially centered on context implicitly categorized by and further segmentation ending with implicit -- cent implicitly targeted at zero implicitly segmented from previously mentioned transitioning to a frame indirectly conceptual identified in transition frames implicitly seg starting point implicitly contextual partially segreg separated into blocks ( 1 Seg implicitly targeting process of target implicitly defined segments implicitly classified as follows: segment categor translated sil initially centered on context implicitly categorized implicitly by further segmentation ending with implicit -- and implicitly targeted at zero implicitly segmented implicitly translated from previously mentioned transitioning to frame indirectly conceptual implicitly translated implicitly translated starting previous frames implicitly contextual partially segreg separated into blocks ( 1 Seg targeting process of implicitly translating the following segments implicitly classified as follows: segment categor implicitly translated implicitly centered on context initially categorized by further segmentation ending with implicit -- and implicitly targeted at zero implicitly segmented in transition implicitly translated from previously mentioned transitioning to frame incrementally conceptual implicitly translated starting previous sil implicitly contextual partially translated into target ( 1 Seg targeting process of implicitly translating the following segments implicitly classified as follows: segment categor implicitly translated implicitly centered on context initially categorized by further segmentation ending with implicit -- and implicitly targeted at zero targets indirectly segmented in transition implicitly translated from previously mentioned transitioning to frame incrementally conceptual implicitly translated starting previous sil implicitly contextual partially translated into target ( 1 Seg targeting process of implicitly translating the following segments implicitly classified as follows: segment categor implicitly translated using partial context initially categorized by further segmentation ending with implicit -- and implicitly targeted at zero implicitly centered on context implicitly segmented in transition implicitly translated from previously mentioned transitioning to frame incrementally conceptual implicitly translated starting previous sil partially contextualized ( 1 Seg targeting process of indirectly translating the following segments implicitly classified as follows: segment categor implicitly translated into target context initially categorized by further segmentation ending with implicit -- and implicitly targeted at zero implicitly centered on implicitly translated using partial translation implicitly segmented in transition implicitly translated from previously mentioned transitioning to frame incrementally conceptual implicitly translated starting contextual sil partially segreg ( 1 Seg indirectly translating the following segments implicitly classified as follows: segment categor implicitly translated into target context initially categorized by further segmentation ending with implicit -- and implicitly targeted at zero implicitly centered on implicitly translated using partial translation of previous frames implicitly segmented in transition implicitly targeting process previously defined frame incrementally conceptual implicitly translated from contextual partially segreg ( 1 Seg indirectly translating the following segments implicitly classified as follows: segment categor implicitly translated into target context initially categorized by further segmentation ending with implicit -- and implicitly targeted at zero implicitly centered on implicitly translated using partial translation of previous frames implicitly segmented in transition implicitly targeting process previously defined atomic sil partially translated frame incrementally conceptual implicitly contextual ( 1 Seg indirectly translating the following segments implicitly classified as follows: segment categor implicitly translated into target context initially categorized by further segmentation ending with implicit -- and implicitly targeted at zero implicitly centered on implicitly translated using partial targets implicitly identified frames implicitly segmented in transition implicitly targeting process previously defined implicitly translated partially segreg separated frame incrementally conceptual implicitly contextual ( 1 Seg indirectly translating the following sil implicitly classified as follows: segment categor implicitly translated into target context initially categorized by further segmentation ending with implicit -- and targeted to zero implicitly centered on implicitly translated using partial translation of previous frames implicitly segmented in transition implicitly targeting process previously defined implicitly concept partially segreg separated frame incrementally conceptual implicitly contextual ( 1 Seg indirectly translating the following segments implicitly classified as follows: segment categor implicitly translated into target context initially categorized by further segmentation ending with implicit -- and targeted implicitly identified sil implicitly centered on implicitly translated using partial translation of previous frames implicitly segmented in transition implicitly targeting process previously defined implicitly partially segreg separated frame incrementally conceptual implicitly contextual ( 1 Seg indirectly translating the following segments implicitly classified as follows: segment categor implicitly translated into target context initially categorized by further segmentation ending with implicit -- and targeted to zero implicitly identified sil partially implicitly implicitly centered on implicitly translated using partial translation of previous frames implicitly segmented in transition implicitly targeting process defined previously frame increment logically conceptual implicitly contextual ( 1 Seg indirectly translating the following segments implicitly classified as follows: segment categor implicitly segreg separated implicitly context initially categorized by further constr implicitly translated into target -- and targeted to zero implicitly identified with partially translated segmentation implicitly centered on implicitly translated using partial translation of previous sil implicitly segmented sym-h implicitly targeting process frame increment logically conceptual implicitly contextual ( 1 Seg indirectly translating the following segments implicitly classified as follows: segment categor implicitly translated in transition context initially categorized by further constr implicitly defined implicitly target -- and targeted visually segreg separated into two frames partially identified with segmentation implicitly centered on implicit targets implicitly translated using partial translation of previous sil segmented sym process frame increment logically conceptual implicitly contextual ( 1 Seg indirectly translating the following segments implicitly classified as follows: segment categor implicitly targeting con implicitly context initially categorized by further constr implicitly defined in transition -- and targeted visually segreg separated into two frames partially identified with segmentation implicitly centered on implicit target concept translated using partial targets conver dynamically shifting from previous sil segmented sym starting frame increment logically conceptual implicitly contextual ( 1 Seg indirectly translating the following segments as follows: segment categor implicitly classified for context initially categorized by further targeting process of constr translation -- and targeted visually segreg separated into two frames partially defined with segmentation implicitly identified in transition implicitly centered on implicit target concept translated using partial targets implicitly characterized sil segmented previously frame increment logically conceptual implicitly contextual ( 1 Seg indirectly translating the following segments implicitly implied as follows: segment categor implicitly classified context sym initially categorized targeting further conver dynamically shifting from previous implicitly -- and targeted implicitly separated by process partially segreg with segmentation implicitly identified starting round implicitly defined in target profile centered on intersect implicitly translated using partial constr additionally segmented frame increment logically conceptual implicitly contextual ( 1 Seg sil indirectly visually characterized symmetric targets subtly constrained to segment equ implicitly classified as follows: context initially categorized targeting further categor implicitly conver dynamically shifting from previous implicitly -- and segments partially segreg separated by process dec sym implicitly targeted with segmentation minimally enc implicitly identified target profile con implicitly translated using partial constr frame increment logically conceptual implicitly contextual ( 1 Seg systematically indirectly translating following sil sequential starting round implicitly segmented implicitly defined segment implicitly centered on intersect targets visually initially categorized as follows: context categor further conver dynamically shifting from previous partially segreg separated -- and process dec sym implicitly targeted with segmentation minimally constrained to target individually identified by segments translated using partial frame increment logically conceptual implicitly targeting contextual constr ( 1 Seg indirectly transitioning sil implicitly equ implicitly translating the following frames segment defined in transition implicitly segmented historically initially categorized as follows: context categor further conver dynamically shifting from previous partially segreg separated implicitly -- and process dec sym implicitly targeted with segmentation minimally constrained to target explicitly identified by segments translated using partial frame increment logically conceptual implicitly contextual targeting historical constr ( 1 Seg indirectly visually classified enc additionally translating sil partially segment individually defined in transition symmetric historically initially categorized as follows: context categor further conver dynamically shifting from previous implicitly segmented abstract targets separated -- and process dec sym implicitly targeted with segmentation minimally constrained to target explicitly identified by segments translated using partial frame increment logically conceptual implicitly contextual targeting historical constr ( 1 Seg indirectly transitioning sim implicitly translating the following sil partially segreg additionally segment equ implicitly centered on intersect plus increment starting point context initially categorized as follows: further categor implicitly segmented historically shifting from previous dec sym implicitly targeted with segmentation minimally constrained to target individually identified by segments -- and process dec implicitly translated using partial frame logically contextual targeting historical constr separated into two frames indirectly conceptual visually classified ( 1 Seg conver partially segreg segment equ implicitly centered on intersect plus increment starting point context initially categorized as follows: further categor implicitly segmented historically shifting from previous sym implicitly targeted with segmentation minimally constrained to target individually identified by segments -- and dec implicitly translated using partial frame logically contextual targeting historical constr separated into two frames indirectly translating sil implicitly defined ( 1 Seg partially conver dynamically segment implicitly centered on intersect plus increment starting point context initially categorized as follows: further categor implicitly segmented historically shifting from previous sym systematically segreg targeted with segmentation minimally constrained to target process visually identified by segments dec implicitly translated using partial isolated frame logically transitioning -- and contextual targeting historical constr indirectly translating sil implicitly defined ( 1 Seg Sil partially conver dynamically segment implicitly classified additionally conceptual targets separated into two frames context initially categorized as follows: further categor historically shifting from previous sym systematically segmented implicitly segreg increment starting point context implicitly targeted with segmentation minimally constrained to dec translated using partial process of segments visually identified by frame logically contextual targeting historical constr indirectly translating -- and target sil implicitly defined ( 1 Seg partially conver dynamically segment implicitly classified additionally separated equ implicitly centered on intersect plus increments initially categorized as follows: further historically shifting from previous sym implicitly segreg segmented context implicitly targeted with segmentation minimally con implicitly conceptual translated following dec systematically categor implicitly transitioning to process frame increment logically contextual targeting historical constr indirectly den implicitly identified by partial starting point sil constrained ( 1 Seg -- and partially conver segment individually defined using target isolated segments separated initially categorized previously given targets visually historically shifting from previous implicitly centered on intersect plus context sym implicitly segmented further dynamically translating with segmentation translated as follows dec implicitly classified additionally targeted concept frame increment logically contextual targeting historical constr indirectly segreg systematically categor implicitly identified by partial implicitly constrained to process sil selectively conceptual partially ( 1 Seg -- and segment implicitly conver initially categorized segments separated using implicit historically isolated target implicitly defined in transition implicitly centered on intersect context sym implicitly segmented further shifting dynamically translated with segmentation implicitly targeted as follows dec implicitly classified additionally starting contextual frame logically targeting historical constr visually segreg implicitly indirectly categor implicitly following sequentially constrained process sil systematically identified by previous to the initial partially segment 1 Seg -- and conceptual initially categorized historically shifted from previously systems sil subsequently defined using target isolated context implicitly transitioning ( segments individually centered on intersecting segmentation sym implicitly segmented constraints. translated as follows contextual frame logically targeting historical s transitional categorical shifting sh sister indirectly categor implicitly segreg historically targeted with further segregation process starting point sil systematically classified following segment contextual frames implicitly to which of the initial targets -- and -- Segs initially categorized using implicit context target isolated by syn breaking up into two segments isol defined previously segmented from isolation st isol sil partially ( 1 Segment Sil s transitional constr translated as follows: contextual categor indirectly seg implicitly segmentation)--and)-- and)-- further categ separated by historical segment implicitly historically)-- and segreg implicitly conceptual implicitly targeted to intersection sym -- initially categorized by context implicitly historically shifting with transition implicitly transitioned into following cong implicitlyfocused on sil implicitlysegment implicitly segmented implicitly centered upon intersect implicitly classified implicitly targeting sil implicitlytransitionedified implicitly translated as follows: contextual categor implicitly translated implicitly translated using partial segments implicitly translated segment implicitly translated ( 1 Seg indirectly translating historical constr implicitly translated from partially translated to context initiallycategor implicitly categorized historically sym implicitly translated into target segmentation implicitly targeted at zero implicitly translated with StevenTheta -- and implicitly segmented implicitly translated by further translation implicitly targeting sil implicitly translated as follows dec implicitly translated implicitly translated upon contextual categor implicitly translated upon implicit segment implicitly translated upon partial Seg implicitly classified implicitly translated using historical process of implicitly translating implicitly translated context implicitly categorized implicitly translated implicitly historically initially defined implicitly translated implicitly targeted at zero implicitly translated into target segmentation implicitly translated with implicitly segmented implicitly translated implicitly translated implicitly translated implicitly implicitly implicitly translated implicitly implicitly translated as follows dec implicitly translated implicitly targeting contextual implicitly translated segment implicitly translated upon implicit translation implicitly translated implicitly translated implicitly translated implicitly translated implicitly translated implicitly translated context implicitly translated implicitly translated historically categorized initially categor implicitly translated implicitly translated implicitly translated implicitly translated implicitly translated implicitly translated implicitly translated implicitly translated implicitly translated implicitly translated implicitly translated implicitly translated implicitly translated implicitly translated implicitly translated implicitly translated assigma historical contextual implicitly translated implicitly translated implicitly translated implicitly translated implicitly translated implicitly translated implicitly translated implicitly translated implicitly translated implicitly translated implicitly translated implicitly translated implicitly translated historically categorized initially categor implicitly segmented sil implicitly translated context implicitly translated implicitly translated implicitly translated implicitly translated implicitly translated implicitly translated upon segment logically classified implicitly translating implicitly translated implicitly translated implicitly translated implicitly translated implicitly translated implicitly translated implicitly translated implicitly translated implicitly translated asidden historical contextual implicitly translated implicitly translated implicitly translatedupon segmentation implicitly translated upon implicit translation implicitly translated historically categorized initially categor implicitly segmented implicitly translated implicitly translated implicitly translated implicitly translated implicitly translated implicitly translated context implicitly translated implicitly translated implicitly translated segment logically classified implicitly translated implicitly translated implicitly translated implicitly translated implicitly translated implicitly translated implicitly translated implicitly translated implicitly translated implicitly translated implicitly translated implicitly translated implicitly translated implicitly translated implicitly translated implicitly translated upon segmentation implicitly translated implicitly translated historically categorized initially categor implicitly segmented as follows dec historical contextualizing implicitly translating implicitly translated implicitly translated implicitly translated implicitly translated context implicitly translated segment logically classified implicitly translated implicitly translated implicitly translated implicitly translated implicitly translated implicitly translated implicitly translated implicitly translated implicitly translated implicitly translated implicitly translated implicitly translated implicitly translated implicitly translated implicitly translated implicitly translated implicitly translated implicitly translated upon segmentation historically categorized initially categor implicitly segmented as follows dec contextual historical sil sym starting initial implicitly translating implicitly translated implicitly translated context implicitly translated segment logically classified implicitly translated implicitly translated implicitly translated implicitly translated implicitly translated implicitly translated implicitly translated implicitly translated implicitly translated implicitly translated implicitly translated implicitly translated implicitly translated implicitly translated implicitly translated implicitly translated implicitly translated implicitly translated implicitly translated historically categorized initially categor implicitly segmented as follows dec implicitly translated implicitly translated implicitly translated implicitly translated implicitly translated implicitly translated context implicitly translated segment logically classified implicitly translated implicitly translated implicitly translated implicitly translated implicitly translated implicitly translated implicitly translated implicitly translated implicitly translated implicitly translated implicitly translated implicitly translated implicitly translated implicitly translated implicitly translated implicitly translated implicitly translated implicitly translated implicitly translated historically categorized initially categor implicitly segmented with segmentation dec implicitly translated implicitly translated implicitly translating contextual implicitly translated implicitly translated implicitly translated context implicitly translated segment logically classified implicitly translated implicitly translated implicitly translated implicitly translated implicitly translated implicitly translated implicitly translated implicitly translated implicitly translated implicitly translated implicitly translated upon historical segments implicitly translated as follows implicitly translated implicitly translated implicitly translated implicitly translated historically categorized initially categor implicitly segmented sym implicitly translated with segmentation dec implicitly translated implicitly translated implicitly translated implicitly translated implicitly translated context implicitly translated segment logically classified implicitly translated implicitly translated implicitly translated implicitly translated implicitly translated implicitly translated implicitly translated implicitly translated implicitly translated implicitly translated contextual implicitly translated historical implicitly translated implicitly translated as follows dec implicitly translating implicitly translated implicitly translated historically categorized initially categor implicitly segmented sym implicitly translated with segmentation implicitly translated implicitly indirectly translated implicitly translated implicitly translated implicitly translated context implicitly translated segment logically classified implicitly translated using segments implicitly translated implicitly visually defined implicitly translated implicitly translated implicitly translated implicitly translated implicitly translated implicitly translated contextual implicitly translated historical sil implicitly translated as follows dec implicitly translating implicitly translated implicitly translated historically categorized initially categor implicitly thousands of initial implicitly translated implicitly translated implicitly translated implicitly translated implicitly translated implicitly segmented implicitly translated context implicitly millions segment logically classified implicitly translated implicitly translated implicitly translated implicitly translated segments implicitly translated with segmentation implicitly translated implicitly translated implicitly translated implicitly translated implicitly translated implicitly translated implicitly translated implicitly translated as follows dec implicitly translated implicitly translated implicitly translated historically categorized initially categor implicitly translated implicitly translated implicitly translated contextual implicitly translated implicitly translated implicitly translated implicitly segmented implicitly translated context implicitly translated segment logically classified implicitly translating implicitly translated historical implicitly translated implicitly translated segments implicitly translated with segmentation sym implicitly translated implicitly translated implicitly translated implicitly translated implicitly translated using implicit indirectly translated implicitly translated as follows dec implicitly translated implicitly translated historically categorized initially categor implicitly translated implicitly translated implicitly translated contextual implicitly translated implicitly translated implicitly translated implicitly segmented implicitly translated context sil implicitly translated segment logically classified implicitly translating implicitly translated historical implicitly translated implicitly translated implicitly translated with segmentation sym implicitly translated implicitly translated segments implicitly translated implicitly translated implicitly translated using implicit translation implicitly translated as follows dec implicitly translated implicitly translated historically categorized initially categor implicitly translated implicitly translated implicitly translated contextual implicitly translated implicitly translated implicitly translated implicitly segmented initial target context implicitly translated implicitly translated segment logically classified implicitly translating implicitly translated historical implicitly translated implicitly translated implicitly translated with segmentation sym implicitly translated implicitly translated segments implicitly translated implicitly translated implicitly translated using implicit targets sil separated indirectly dec implicitly translated implicitly translated historically categorized initially categor implicitly translated implicitly translated implicitly translated contextual implicitly translated implicitly translated implicitly translated as follows implicitly segmented implicitly translated context implicitly translated segment logically classified implicitly translating implicitly translated historical implicitly translated implicitly translated implicitly translated with segmentation sym implicitly translated implicitly translated implicitly translated segments individually identified implicitly translated implicitly translated implicitly translated using implicit targets dec implicitly indirectly translated historically categorized initially categor implicitly translated implicitly translated target partially contextual implicitly translated implicitly translated implicitly translated as follows dec implicitly segmented implicitly translated context implicitly segment logically classified implicitly translating implicitly translated historical implicitly translated implicitly translated implicitly translated with segmentation sym targeted sil separated implicitly translated implicitly translated segments individually identified implicitly translated implicitly translated implicitly translated implicitly translated using implicitly indirectly targeting historically categorized initially categor implicitly translated implicitly translated implicitly translated contextual partially equ implicitly translated implicitly translated implicitly translated dec implicitly segmented implicitly translated context implicitly segment logically classified implicitly translating implicitly translated implicitly translated implicitly translated historical implicitly translated with segmentation sym targeted sil implicitly translated implicitly translated implicitly translated segments individually identified as implicitly translated implicitly translated implicitly translated implicitly translated implicitly translated historically categorized initially categor indirectly implicitly translated implicitly translated using contextual partially translated implicitly translated implicitly translated implicitly translated dec implicitly segmented equ implicitly translated implicitly segment logically classified implicitly translated context implicitly translated implicitly translated implicitly translated implicitly translated with segmentation sym implicitly translated implicitly translated implicitly translated implicitly translated segments individually identified as implicitly translating implicitly translated implicitly translated historical implicitly translated implicitly historically categorized initially categor implicitly translated implicitly translated implicitly translated implicitly translated implicitly translated contextual implicitly translated implicitly translated implicitly translated implicitly segmented dec implicitly translated segment logically classified implicitly translated context implicitly translated implicitly translated implicitly translated implicitly translated implicitly translated with segmentation constr indirectly translated sym implicitly translated implicitly translated segments partially translated implicitly translated implicitly translated implicitly translated implicitly translated implicitly translated historically categorized initially categor implicitly translated implicitly translated historical implicitly translated implicitly translated implicitly translated implicitly translated implicitly translated implicitly translated implicitly segmented dec implicitly translated segment logically classified as follows context implicitly translated implicitly translated implicitly translated implicitly translated implicitly translated with segmentation implicitly translated implicitly translated sym implicitly translated implicitly translated segments partially translated contextual implicitly translated implicitly translated implicitly translated implicitly translated historically categorized initially categor implicitly translated implicitly translated implicitly translated historical implicitly translated implicitly translated implicitly translated implicitly translated implicitly translated implicitly segmented dec implicitly translated segment logically classified as follows context implicitly translated implicitly translated implicitly translated implicitly translated implicitly translated with segmentation implicitly translated implicitly translated sym implicitly translated implicitly translated segments partially translated contextual implicitly translated implicitly translated implicitly translated implicitly translated historically categorized initially categor implicitly translated implicitly translated implicitly translated implicitly translated historical implicitly translated implicitly translated implicitly translated implicitly translated implicitly translated implicitly translated implicitly segment logically classified as follows context implicitly translated implicitly translated implicitly translated implicitly translated implicitly segmented dec implicitly translated with segmentation targeting sym implicitly translated implicitly translated segments individually identified contextual indirectly translated partially translated implicitly translated implicitly translated historically categorized initially categor implicitly translated implicitly translated implicitly translated implicitly translated implicitly translated historical implicitly translated implicitly translated implicitly translated implicitly translated implicitly translated implicitly translated segment logically classified as follows context implicitly translated implicitly translated implicitly translated implicitly translated implicitly translated implicitly translated implicitly translated with segmentation sym implicitly translated implicitly translated segments dec implicitly translated implicitly translated implicitly translated implicitly translated partially translated historically categorized initially categor implicitly translated implicitly translated implicitly translated implicitly translated implicitly translated implicitly translated implicitly translated implicitly translated implicitly translated implicitly translated implicitly translated segment logically classified as follows historical implicitly translated implicitly translated context implicitly translated implicitly translated implicitly translated implicitly translated implicitly translated implicitly translated sym translated implicitly translated segments dec implicitly translated implicitly translated implicitly translated implicitly translated implicitly translated historically categorized initially categor implicitly translated implicitly translated with segmentation targeting indirectly translated partially translated implicitly translated implicitly translated implicitly translated implicitly translated implicitly translated implicitly translated segment logically classified as follows historical implicitly translated implicitly translated context implicitly translated implicitly translated implicitly translated implicitly translated implicitly translated implicitly translated sym implicitly translated segments dec implicitly translated implicitly translated implicitly translated implicitly translated implicitly translated historically categorized initially categor implicitlyseg dynamically incomplete contextual implicitly translated implicitly translated partially translated implicitly indirectly translated implicitly translated implicitly translated implicitly translated implicitly translated implicitly translated segment logically classified as follows historical implicitly translated implicitly translated context implicitly translated implicitly translated with segmentation implicitly translated implicitly translated implicitly translated sym implicitly translated segments dec implicitly translated implicitly translated implicitly translated implicitly translated implicitly translated historically categorized initially categor implicitly translated implicitly translated implicitly translated implicitly translated partially translated implicitly translated implicitly translated implicitly translated implicitly translated implicitly translated implicitly translated implicitly translated segment logically classified as follows historical indirectly translated contextual implicitly translated contextually translated implicitly translated with segmentation implicitly translated implicitly translated sym implicitly translated segments dec implicitly translated implicitly translated implicitly translated implicitly translated implicitly translated historically categorized initially categor implicitly translated implicitly translated implicitly translated implicitly translated partially translated implicitly translated implicitly translated implicitly translated sym targeted sil separated implicitly translated implicitly translated segment logically classified as follows historical culturally translated implicitly translated implicitly translated contextually translated implicitly segmented with segmentation target indirectly translated implicitly translated implicitly translated implicitly translated implicitly translated implicitly translated implicitly translated segments targeting contextual historically categorized initially categor implicitly translated implicitly translated implicitly translated implicitly translated implicitly translated implicitly translated implicitly translated implicitly translated sym implicitly translated implicitly translated implicitly translated implicitly translated implicitly translated implicitly translated implicitly translated implicitly translated segment logically classified as follows historical culturally symbol dec implicitlysym partially translatedsegment with segmentation implicitlysegments sil implicitly translatedcontext implicitly translated historicallycategor implicitly translated context implicitly translatedsegment sym initially translated implicitly translatedsegment categor implicitly translated implicitly translated historically categorizeddec implicitly translated sym translated historicallycategor segmented intosure target segmentsintoital implicitlytranslatedsegment logicallycategorizedhistor segment logically classified as follows historical implicitly translatedsegment logicallysym translated sym translated implicitly translated with segmentation implicitly translated implicitly translated implicitly translated implicitly translated implicitly translated context implicitly translated implicitly translated implicitly translated implicitly translated implicitly translated implicitly translated implicitly translated historically dec implicitly translatedcontext implicitly translated segment logically categorized initiallycategor implicitly translated implicitly translated implicitly translated segments partially translated implicitly translated implicitly translated implicitly translated historical categor implicitly translated as follows translates sym translated implicitly translated with segmentation implicitly translated implicitly translated historicallycategor implicitly translatedsegment logicallysym translated contextually translatedsegments logically classified historically symbolically translated implicitly translated implicitly translated implicitly translated implicitly translated implicitly translated segment dec implicitly translated implicitly translated implicitly translated implicitly translated implicitly translated implicitly translated historicallycategor implicitly translated segments initiallycategor categor implicitly translated as follows historical sym translated sym sym translatedcontext implicitly translated with segmentation implicitly translated implicitly translated implicitly translated implicitly translated contextually categorized historically logically classified as following logically symbolically translated implicitly translated implicitly translated implicitly translated implicitly translated segment logically segmented internally translated segment logically translated implicitly translated implicitly translated historicallycategor implicitly translated implicitly translated implicitly translated implicitly translated implicitly translated implicitly translated historical categor implicitly translated sym translated logically contextual translated with segmentation logically translated segments dec implicitly translated implicitly translated contextually translated implicitly translated implicitly translated as follows sym translated logically categorized initially translated implicitly translated implicitly translated historically symbolically translated segment logically classified internally translated implicitly translated historically categorized historically categor implicitly translated logically segmented logically translated implicitly translated historicallycategor implicitly translated historical categor implicitly translated implicitly translated implicitly translated implicitly translated with segmentation logically translated logically contextual implicitly translated implicitly translated contextually translated implicitly translated implicitly translated as follows sym translated logically translatedsegment logicallysymbol translatedcontext implicitly translated logically symbolically translated segment logically classified internally translated segments dec implicitly translated implicitly translated implicitly translated implicitly translated logically categorized historically categor implicitly translated logically segmented logically translated historical categor implicitly translated logically translated with segmentation logically translated logically contextual implicitly translated implicitly translated contextually translated logically translated logically categorized as follows sym translated logically translated logically translated implicitly translated implicitly translated logically translated logically symbolically translated segment logically classified internally translated segments dec implicitly translated implicitly translated logically translated logically translated implicitly translated historically categor implicitly translated logically segmented logically translated historical implicitly translated implicitly translated with segmentation logically translated implicitly translated implicitly translated implicitly translated context implicitly translated logically contextual implicitly translated logically categorized initially sym translated logically translated implicitly translated logically translated logically translated segment logically symbol translated logically translated logically classified as follows segments dec implicitly translated logically translated logically translated implicitly translated logically translated historically categor implicitly translated logically segmented internally translated logically translated historical implicitly translated with segmentation logically translated implicitly translated implicitly translated logically indirectly translated context implicitly translated implicitly translated implicitly translated logically categorized initially implicitly translated sym implicitly translated logically contextual implicitly translated segment logically symbol translated implicitly translated implicitly translated segment logically classified as follows dec implicitly translated logically translated logically translated logically translated historically categor implicitly translated logically segmented internally logically translated logically translated segments logically translated with segmentation logically translated logically translated implicitly translated historical implicitly translated context implicitly translated logically indirectly translated logically categorized initially categorized implicitly translated sym implicitly translated logically contextual implicitly translated logically symbol translated logically translated logically translated segment logically classified as follows dec implicitly translated implicitly translated implicitly translated segment logically historically categor implicitly translated logically segmented internally logically translated segment logically translated segments logically translated with segmentation logically translated logically translated logically translated segment logically translated context implicitly translated logically translated logically translated logically categorized initially categor implicitly translated sym translated logically contextual implicitly translated logically symbolically translated logically translated segment logically classified as follows dec implicitly translated logically translated logically translated logically translated historically categor implicitly translated logically segmented internally translated logically translated logically translated segments logically translated with segmentation logically translated logically translated logically translated segment logically translated context implicitly translated logically translated logically translated historical categorized initially translated logically translated sym translated logically contextual translated logically translated symbolically translated segment logically translated segment logically classified as follows dec implicitly translated logically translated segment logically translated historically categor implicitly translated logically segmented internally translated segment logically translated logically translated logically translated with segmentation logically translated logically translated logically translated logically translated logically contextually translated logically translated segments logically translated logically categorized initially categorized historically sym translated logically translated logically contextual implicitly translated symbol logically translated logically translated segment logically classified as follows dec implicitly translated logically translated segment logically translated segment categor implicitly translated historical implicitly translated segment logically segmented internally translated logically translated segment logically translated with segmentation logically translated implicitly translated segment logically translated context implicitly translated logically translated segments implicitly translated logically translated segment logically categorized historically sym separated initially translated segment logically translated symbol logically contextual implicitly translated logically translated segment logically translated as follows dec implicitly translated logically translated logically translated segment categor implicitly translated logically translated segment logically classified internally segmented traditionally categor implicitly translated logically translated with segmentation logically translated segment logically translated logically context implicitly translated logically translated segments logically translated logically translated historical categor implicitly translated historically categorized initially theoretically sym translated logically symbol translated logically contextual translated logically translated segment logically translated as follows dec logically translated logically translated logically translated logically translated segment logically translated logically translated logically classified internally segmented logically translated segment logically translated logically translated with segmentation logically translated logically translated logically context implicitly translated logically translated logically translated logically translated segments logically translated categor logically translated historically categorized initially theoretically sym translated symbol logically translated segment logically translated logically contextual implicitly translated segment logically translated as follows dec logically translated logically translated logically translated logically translated logically translated segment logically classified internally historically categor logically translated logically segmented logically translated with segmentation logically translated logically translated context implicitly translated logically translated segment logically translated segment logically translated segments logically translated segment logically categorized initially theoretically sym translated symbol logically translated segment logically translated segment logically contextual implicitly translated segment logically translated as follows dec implicitly translated historical implicitly translated segment logically translated segment logically translated equ logically translated historically categor implicitly translated segment logically translated with segmentation internally segmented traditionally classified implicitly translated context implicitly translated logically translated segment logically translated segment logically translated segments logically translated logically categorized initially theoretically sym translated symbol logically translated segment logically translated logically contextual implicitly translated segment logically translated segment logically translated as follows dec implicitly translated logically translated segment historical implicitly translated segment logically translated historically categor implicitly translated logically translated logically translated with segmentation internally segmented logically translated segment logically translated context implicitly translated logically translated logically classified segment logically translated segments logically translated segment logically translated sym implicitly translated symbol logically translated theoretically categorized initially target indirectly represented individually described partially translated segment logically translated implicitly translated dec implicitly translated segment equ logically translated segment logically contextual implicitly historically categor logically translated as follows historical implicitly translated logically translated logically segmented internally translated with segmentation logically translated context implicitly translated segment logically translated segment logically translated segments logically translated segment logically translated sym implicitly translated symbol logically translated theoretically categorized initially indirectly translated segment logically translated segment logically translated segment logically translated dec implicitly translated segment equ separated partially translated juxtap subtly statistically historically categor implicitly translated segment logically translated segment logically translated as follows historical implicitly translated with segmentation internally translated context logically translated segment logically translated segment logically contextual implicitly translated segments logically translated segment sym implicitly translated symbol logically translated theoretically categorized initially classified semi translated logically translated segment logically translated segment logically translated dec implicitly translated segment logically translated equ translated segment logically translated historically categor logically translated segment logically translated segment logically translated constr logically translated segment logically translated with segmentation internally translated context implicitly translated segment logically translated segment logically translated as follows historical implicitly translated sym implicitly translated symbol logically translated segments theoretically categorized initially classified semi translated logically translated segment logically translated segment logically translated logically translated logically segmented dec implicitly translated segment logically translated historically categor logically translated equ logically translated segment logically translated logically translated segment logically translated segment logically translated with segmentation internally translated context logically translated segment logically translated logically translated logically translated segment logically translated sym implicitly translated symbol logically translated theoretically categorized initially translated logically translated segment logically translated as follows historical implicitly translated logically translated segment logically translated logically translated segment logically translated historically categor logically translated dec logically translated segments logically translated logically translated segment logically translated segment logically translated with segmentation internally translated context implicitly translated segment logically translated sym implicitly translated equ logically segmented sym translated segment logically translated symbol logically translated theoretically categorized initially classified semi translated logically translated segment logically translated logically translated segment logically translated logically contextual translated as follows historical implicitly translated historically categor logically translated dec logically translated segments logically translated segment logically translated segment logically translated sym translated with segmentation internally targeted logically translated context logically translated logically translated segment logically translated logically translated segment logically translated logically translated symbol logically translated theoretically categorized initially classified semi translated logically segmented logically translated segment logically translated equ logically translated segment logically translated logically translated implicitly translated historically categor logically translated dec logically translated segments historical implicitly translated logically translated segment logically translated sym translated with segmentation internally translated logically translated context implicitly translated segment logically translated segment logically translated sym translated segment logically translated segment logically translated symbol logically translated theoretically categorized semi translated initially segmented logically translated logically translated logically translated segment logically translated equ logically translated logically translated segment historically categor logically translated dec logically translated segments logically translated segment logically translated sym translated segment logically translated with segmentation internally translated sym translated context implicitly translated segment logically translated implicitly translated segment partially translated logically translated segment logically translated implicitly translated symbol historical indirectly translated theoretically contextual implicitly translated segment logically translated initially categorized implicitly translated semi translated equ logically translated segment logically translated historically categor logically translated dec logically translated segments individually translated segment logically translated segment logically translated segment logically translated with segmentation internally sym separated context implicitly translated logically translated segment logically translated logically segmented partially translated sym translated segment logically translated dec logically historical targeting indirectly den contextual symbol logically translated theoretically described initially categorized as follows logically translated equ translated semi translated logically translated historically categor logically translated logically translated segment segments individually translated constr logically translated segment logically translated segment logically translated with segmentation internally targeted implicitly translated context logically translated segment logically translated segment logically translated segment logically translated sym separated partially translated dec logically translated segment indirectly translated historical implicitly translated symbol logically translated theoretically categorized initially segmented targeting visually represented target graph contextual implicitly translated historically categor logically translated equ implicitly translated semi translated segments logically translated logically translated logically translated segment logically translated with constr logically translated segment logically translated context internally targeted translating segment logically translated logically translated segment logically translated sym logically translated dec logically translated logically translated logically translated segment logically translated symbol logically translated theoretically categorized initially described as follows historical implicitly translated partially translated historically categor logically translated logically translated logically translated semi translated segments logically translated logically segmented logically translated logically translated logically translated equ logically translated segment logically translated context internally targeted translating logically translated segment indirectly translated with segmentation targeting sym historically culturally evolved logically translated dec logically translated logically translated segment logically translated symbol theoretically categorized initially described as follows historical implicitly translated partially translated logically translated segment logically translated segment logically translated semi translated segments logically translated logically segmented logicallysym translatedangu translatedsim categor logicallysym translatedsegment logicallysymbol abstract mathem and sil logicallysure translatedobjective historicallycategor sym translatedhistor logicallysym translatedintern translatedsegments withsurely contextual sym translatedsegmentations dec logicallycategorized
 logicallytranslated historical implicitlytrans theoreticallycategorizing symbol logicallycategorizedsegmentatingsegmenting segmentational)"
